汽车品牌,车型,售价,202202,202203,202204,202205,202206,202207,202208,202209,202210,202211,202212,202301,202302,202303,202304,202305,202306,202307,202308,202309,202310,202311,202312,202401,202402,202403,202404,202405,202406,202407,202408,202409,202410,202411,202412,202501,202502,202503,202504,202505,202506
小鹏汽车,小鹏G6,17.68-19.88万,5749.0,5749.0,5749.0,5749.0,0.0,0.0,0.0,0.0,0.0,0.0,0.0,0.0,0.0,0.0,0.0,0.0,244.0,3937.0,7068.0,8132.0,8741.0,8750.0,7673.0,1803.0,1161.0,1473.0,2132.0,3362.0,5426.0,4817.0,5028.0,4033.0,4751.0,4431.0,4388.0,2918.0,3042.0,1957.0,5485.0,5500.0,5749.0
小鹏汽车,小鹏G7,19.58-22.58万,79.0,79.0,79.0,79.0,0.0,0.0,0.0,0.0,0.0,0.0,0.0,0.0,0.0,0.0,0.0,0.0,0.0,0.0,0.0,0.0,0.0,0.0,0.0,0.0,0.0,0.0,0.0,0.0,0.0,0.0,0.0,0.0,0.0,0.0,0.0,0.0,0.0,0.0,0.0,481.0,79.0
小鹏汽车,小鹏G9,24.88-27.88万,2440.0,2440.0,2440.0,2440.0,0.0,0.0,0.0,184.0,623.0,1546.0,4020.0,2249.0,960.0,972.0,925.0,1005.0,1025.0,872.0,616.0,1390.0,4593.0,5778.0,5405.0,1737.0,861.0,1393.0,2180.0,3068.0,2190.0,3031.0,2400.0,1752.0,1831.0,1991.0,1861.0,1039.0,1261.0,1818.0,2625.0,3590.0,2440.0
小鹏汽车,小鹏MONA M03,11.98-13.98万,14111.0,14111.0,14111.0,14111.0,0.0,0.0,0.0,0.0,0.0,0.0,0.0,0.0,0.0,0.0,0.0,0.0,0.0,0.0,0.0,0.0,0.0,0.0,0.0,0.0,0.0,0.0,0.0,0.0,0.0,0.0,517.0,10023.0,10203.0,11960.0,15877.0,15225.0,15312.0,16593.0,14210.0,10900.0,14111.0
小鹏汽车,小鹏P5,13.69-15.49万,0.0,0.0,0.0,0.0,5598.0,3608.0,2678.0,2417.0,1665.0,1453.0,2827.0,1389.0,1890.0,2241.0,1654.0,1704.0,1721.0,980.0,1268.0,826.0,2055.0,2523.0,1838.0,377.0,213.0,575.0,626.0,613.0,283.0,457.0,864.0,109.0,602.0,9.0,2.0,2.0,0.0,0.0,0.0,0.0,0.0
小鹏汽车,小鹏P7,19.99-22.49万,53.0,53.0,53.0,53.0,8045.0,6397.0,5745.0,4634.0,2104.0,1807.0,2969.0,1022.0,2294.0,3030.0,4064.0,4439.0,5196.0,4908.0,4241.0,4666.0,4250.0,2990.0,4271.0,1783.0,836.0,1605.0,2383.0,1473.0,1030.0,1370.0,1280.0,1241.0,1029.0,510.0,549.0,243.0,210.0,168.0,130.0,82.0,53.0
小鹏汽车,小鹏P7+,18.68-20.88万,6700.0,6700.0,6700.0,6700.0,0.0,0.0,0.0,0.0,0.0,0.0,0.0,0.0,0.0,0.0,0.0,0.0,0.0,0.0,0.0,0.0,0.0,0.0,0.0,0.0,0.0,0.0,0.0,0.0,0.0,0.0,0.0,0.0,522.0,6950.0,10034.0,8114.0,7226.0,8545.0,7391.0,6600.0,6700.0
小鹏汽车,小鹏X9,31.98-41.98万,1700.0,1700.0,1700.0,1700.0,0.0,0.0,0.0,0.0,0.0,0.0,0.0,0.0,0.0,0.0,0.0,0.0,0.0,0.0,0.0,0.0,0.0,0.0,0.0,2478.0,1448.0,3946.0,1959.0,1625.0,1687.0,1459.0,1438.0,1374.0,1376.0,1439.0,1379.0,801.0,900.0,1021.0,1502.0,2767.0,1700.0
小米汽车,小米SU7,21.59-29.99万,23225.0,23225.0,23225.0,23225.0,0.0,0.0,0.0,0.0,0.0,0.0,0.0,0.0,0.0,0.0,0.0,0.0,0.0,0.0,0.0,0.0,0.0,0.0,0.0,0.0,0.0,0.0,7058.0,8646.0,14296.0,13120.0,13111.0,13559.0,20726.0,23156.0,25815.0,22897.0,23728.0,29244.0,28585.0,28013.0,23225.0
小米汽车,小米YU7,25.35-32.99万,2234.0,2234.0,2234.0,2234.0,0.0,0.0,0.0,0.0,0.0,0.0,0.0,0.0,0.0,0.0,0.0,0.0,0.0,0.0,0.0,0.0,0.0,0.0,0.0,0.0,0.0,0.0,0.0,0.0,0.0,0.0,0.0,0.0,0.0,0.0,0.0,0.0,0.0,0.0,0.0,0.0,2234.0
理想汽车,理想L6,24.98-27.98万,16471.0,16471.0,16471.0,16471.0,0.0,0.0,0.0,0.0,0.0,0.0,0.0,0.0,0.0,0.0,0.0,0.0,0.0,0.0,0.0,0.0,0.0,0.0,0.0,0.0,0.0,0.0,2381.0,12965.0,23864.0,24856.0,24897.0,25393.0,25814.0,24318.0,27769.0,13990.0,13160.0,17197.0,16755.0,18781.0,16471.0
理想汽车,理想L7,30.18-35.98万,8273.0,8273.0,8273.0,8273.0,0.0,0.0,0.0,0.0,0.0,0.0,0.0,0.0,0.0,7702.0,10486.0,11119.0,13107.0,13389.0,12752.0,12982.0,15525.0,16599.0,20428.0,13343.0,8459.0,10768.0,10666.0,9540.0,10726.0,11403.0,10307.0,12731.0,11841.0,11067.0,13167.0,6493.0,5783.0,8707.0,8102.0,10016.0,8273.0
理想汽车,理想L8,32.18-37.98万,4338.0,4338.0,4338.0,4338.0,0.0,0.0,0.0,0.0,0.0,5293.0,10189.0,6099.0,8192.0,6224.0,6887.0,7604.0,9618.0,11315.0,11227.0,11193.0,12142.0,12476.0,15013.0,9061.0,5457.0,6392.0,5035.0,5322.0,5754.0,6592.0,5476.0,7109.0,6471.0,6383.0,8571.0,4325.0,3340.0,5275.0,5178.0,5312.0,4338.0
理想汽车,理想L9,40.98-43.98万,4893.0,4893.0,4893.0,4893.0,0.0,0.0,0.0,10123.0,9181.0,9087.0,10582.0,7996.0,7299.0,5831.0,6082.0,6852.0,8451.0,9425.0,10933.0,11884.0,12756.0,11955.0,14913.0,8762.0,6336.0,8595.0,6560.0,6579.0,6841.0,7495.0,6696.0,7597.0,6493.0,6112.0,7751.0,4312.0,3300.0,4579.0,3801.0,5753.0,4893.0
理想汽车,理想MEGA,52.98-55.98万,2304.0,2304.0,2304.0,2304.0,0.0,0.0,0.0,0.0,0.0,0.0,0.0,0.0,0.0,0.0,0.0,0.0,0.0,0.0,0.0,0.0,0.0,0.0,0.0,0.0,0.0,3229.0,1145.0,614.0,589.0,654.0,746.0,879.0,824.0,863.0,1255.0,807.0,681.0,916.0,103.0,994.0,2304.0
蔚来,蔚来EC6,35.80-42.80万,1932.0,1932.0,1932.0,1932.0,1828.0,1328.0,1094.0,915.0,460.0,501.0,419.0,179.0,852.0,734.0,94.0,16.0,22.0,18.0,228.0,1006.0,2549.0,2739.0,2887.0,1528.0,1209.0,1485.0,2266.0,2732.0,2481.0,2619.0,2499.0,2669.0,2397.0,2354.0,2987.0,1302.0,1478.0,1546.0,2437.0,2026.0,1932.0
蔚来,蔚来EC7,45.80-54.80万,84.0,84.0,84.0,84.0,0.0,0.0,0.0,0.0,0.0,0.0,0.0,0.0,0.0,3.0,197.0,569.0,756.0,493.0,492.0,229.0,204.0,350.0,368.0,143.0,119.0,349.0,203.0,298.0,319.0,262.0,253.0,237.0,200.0,187.0,295.0,110.0,126.0,169.0,164.0,94.0,84.0
蔚来,蔚来ES6,33.80-39.60万,4415.0,4415.0,4415.0,4415.0,5100.0,4836.0,4507.0,3507.0,1970.0,1927.0,1731.0,872.0,2848.0,853.0,174.0,1016.0,4677.0,11118.0,8601.0,7896.0,5875.0,5666.0,6943.0,3944.0,2959.0,3729.0,5527.0,8094.0,7654.0,8112.0,7694.0,7901.0,6471.0,5942.0,7406.0,2676.0,3214.0,3260.0,6866.0,5479.0,4415.0
蔚来,蔚来ES7,43.80-51.80万,339.0,339.0,339.0,339.0,0.0,0.0,398.0,1895.0,2814.0,4897.0,4154.0,961.0,942.0,1267.0,809.0,521.0,340.0,520.0,325.0,234.0,207.0,132.0,266.0,77.0,64.0,372.0,48.0,103.0,245.0,149.0,620.0,157.0,12.0,10.0,17.0,330.0,4.0,1.0,1.0,3.0,339.0
蔚来,蔚来ES8,49.80-59.80万,839.0,839.0,839.0,839.0,1684.0,1414.0,1552.0,1412.0,737.0,705.0,538.0,178.0,395.0,346.0,439.0,274.0,588.0,1917.0,2369.0,2139.0,2251.0,1658.0,1584.0,615.0,414.0,802.0,773.0,937.0,882.0,822.0,857.0,766.0,747.0,572.0,1001.0,446.0,479.0,514.0,539.0,292.0,839.0
蔚来,蔚来ET5,29.80-37.40万,1642.0,1642.0,1642.0,1642.0,0.0,0.0,0.0,221.0,1030.0,2968.0,7594.0,5795.0,6471.0,6437.0,4293.0,3224.0,2479.0,2337.0,2882.0,1299.0,1551.0,1913.0,2167.0,1330.0,1249.0,2214.0,2283.0,2497.0,2979.0,2672.0,2705.0,2378.0,2042.0,1875.0,2286.0,889.0,1055.0,1325.0,2015.0,1564.0,1642.0
蔚来,蔚来ET5T,29.80-37.40万,5103.0,5103.0,5103.0,5103.0,0.0,0.0,0.0,0.0,0.0,0.0,0.0,0.0,0.0,0.0,0.0,0.0,1339.0,3662.0,4083.0,2593.0,3105.0,3248.0,3331.0,2208.0,1983.0,2202.0,4427.0,4785.0,5578.0,5113.0,4755.0,5590.0,4306.0,4142.0,5780.0,1959.0,2526.0,2968.0,6015.0,2923.0,5103.0
蔚来,蔚来ET7,42.80-51.60万,271.0,271.0,271.0,271.0,4349.0,2473.0,3126.0,2928.0,3048.0,3180.0,1379.0,521.0,649.0,738.0,652.0,535.0,506.0,397.0,349.0,245.0,332.0,253.0,466.0,210.0,135.0,713.0,93.0,1098.0,1071.0,749.0,793.0,651.0,482.0,411.0,838.0,239.0,261.0,347.0,422.0,207.0,271.0
蔚来,蔚来ET9,78.80-80.80万,307.0,307.0,307.0,307.0,0.0,0.0,0.0,0.0,0.0,0.0,0.0,0.0,0.0,0.0,0.0,0.0,0.0,0.0,0.0,0.0,0.0,0.0,0.0,0.0,0.0,0.0,0.0,0.0,0.0,0.0,0.0,0.0,0.0,0.0,0.0,0.0,0.0,0.0,810.0,682.0,307.0
特斯拉,Model 3,23.55-33.95万,16636.0,16636.0,16636.0,16636.0,25788.0,821.0,3390.0,30919.0,2809.0,10069.0,12539.0,12659.0,8397.0,21726.0,13196.0,11454.0,22741.0,7791.0,13577.0,2079.0,2273.0,15627.0,15750.0,9969.0,7604.0,14481.0,5065.0,15230.0,18151.0,9928.0,18126.0,23998.0,4281.0,28914.0,21046.0,8009.0,18771.0,25938.0,8747.0,13818.0,16636.0
特斯拉,Model Y,26.35-31.35万,44848.0,44848.0,44848.0,44848.0,52150.0,7640.0,31112.0,46694.0,14391.0,52424.0,29387.0,14184.0,25526.0,54937.0,26760.0,31054.0,51471.0,23632.0,51117.0,41428.0,26353.0,49877.0,60055.0,29912.0,22537.0,47917.0,26356.0,39985.0,41110.0,36299.0,45330.0,48202.0,36204.0,44576.0,61881.0,25694.0,8006.0,48189.0,19984.0,24770.0,44848.0
零跑汽车,零跑B01,8.98-11.98万,1581.0,1581.0,1581.0,1581.0,0.0,0.0,0.0,0.0,0.0,0.0,0.0,0.0,0.0,0.0,0.0,0.0,0.0,0.0,0.0,0.0,0.0,0.0,0.0,0.0,0.0,0.0,0.0,0.0,0.0,0.0,0.0,0.0,0.0,0.0,0.0,0.0,0.0,0.0,0.0,0.0,1581.0
零跑汽车,零跑B10,9.98-12.98万,14312.0,14312.0,14312.0,14312.0,0.0,0.0,0.0,0.0,0.0,0.0,0.0,0.0,0.0,0.0,0.0,0.0,0.0,0.0,0.0,0.0,0.0,0.0,0.0,0.0,0.0,0.0,0.0,0.0,0.0,0.0,0.0,0.0,0.0,0.0,0.0,0.0,0.0,3298.0,0.0,10105.0,14312.0
零跑汽车,零跑T03,5.19-6.19万,5445.0,5445.0,5445.0,5445.0,6411.0,5462.0,6248.0,6080.0,3564.0,3570.0,3937.0,501.0,1324.0,2100.0,1454.0,1994.0,1602.0,2164.0,2056.0,4402.0,6381.0,7452.0,7024.0,4606.0,2043.0,2784.0,3207.0,4219.0,6132.0,3378.0,4599.0,7754.0,7929.0,8239.0,7385.0,4519.0,2511.0,6851.0,5458.0,5455.0,5445.0
比亚迪,元PLUS,10.38-14.18万,0.0,0.0,0.0,0.0,16553.0,19239.0,15132.0,16701.0,20418.0,20204.0,20862.0,14342.0,20279.0,27907.0,28931.0,26072.0,23546.0,23594.0,24272.0,28727.0,30615.0,30751.0,30799.0,16831.0,8210.0,21951.0,23327.0,24646.0,23918.0,25594.0,27046.0,25576.0,28676.0,26400.0,23048.0,8902.0,10758.0,20179.0,12286.0,12255.0,0.0
比亚迪,元UP,8.08-11.18万,15347.0,15347.0,15347.0,15347.0,0.0,0.0,0.0,0.0,0.0,0.0,0.0,0.0,0.0,0.0,0.0,0.0,0.0,0.0,0.0,0.0,0.0,0.0,0.0,0.0,0.0,0.0,0.0,0.0,0.0,0.0,19344.0,16018.0,20216.0,21391.0,18552.0,0.0,10490.0,17177.0,0.0,13047.0,15347.0
比亚迪,唐DM,16.98-22.98万,0.0,0.0,0.0,0.0,5005.0,8398.0,8145.0,12308.0,14237.0,16771.0,16843.0,7698.0,10783.0,11132.0,12030.0,11866.0,12658.0,12443.0,9820.0,9884.0,10166.0,0.0,11381.0,7914.0,3607.0,11914.0,10181.0,11250.0,11678.0,0.0,0.0,0.0,0.0,0.0,0.0,0.0,0.0,0.0,0.0,0.0,0.0
比亚迪,宋L DM,11.18-15.98万,17690.0,17690.0,17690.0,17690.0,0.0,0.0,0.0,0.0,0.0,0.0,0.0,0.0,0.0,0.0,0.0,0.0,0.0,0.0,0.0,0.0,0.0,0.0,0.0,0.0,0.0,0.0,0.0,0.0,0.0,0.0,0.0,22677.0,25198.0,23230.0,20877.0,10689.0,0.0,0.0,10362.0,14537.0,17690.0
比亚迪,宋L EV,17.98-23.98万,0.0,0.0,0.0,0.0,0.0,0.0,0.0,0.0,0.0,0.0,0.0,0.0,0.0,0.0,0.0,0.0,0.0,0.0,0.0,0.0,0.0,0.0,0.0,7374.0,5265.0,0.0,0.0,0.0,0.0,0.0,0.0,0.0,0.0,0.0,0.0,0.0,0.0,0.0,0.0,0.0,0.0
比亚迪,宋PLUS DM,11.58-16.18万,13887.0,13887.0,13887.0,13887.0,26277.0,32266.0,36791.0,39983.0,50072.0,56637.0,41555.0,28404.0,29931.0,24038.0,20645.0,21048.0,22389.0,21650.0,23100.0,26861.0,23849.0,23854.0,30525.0,23787.0,9279.0,23910.0,20209.0,21409.0,20573.0,21025.0,28380.0,25547.0,26364.0,22601.0,23105.0,13257.0,9683.0,12231.0,10366.0,13121.0,13887.0
比亚迪,宋PLUS EV,13.48-18.08万,0.0,0.0,0.0,0.0,5510.0,5518.0,5686.0,0.0,0.0,6999.0,0.0,7181.0,7222.0,0.0,0.0,0.0,0.0,0.0,9750.0,9912.0,10950.0,11050.0,13845.0,8480.0,0.0,0.0,11600.0,12013.0,12338.0,13281.0,0.0,16835.0,0.0,0.0,0.0,0.0,9690.0,13861.0,10302.0,0.0,0.0
比亚迪,宋Pro DM,8.98-12.78万,19895.0,19895.0,19895.0,19895.0,0.0,0.0,0.0,0.0,0.0,0.0,20323.0,14124.0,14439.0,10026.0,8427.0,13501.0,21096.0,18800.0,19000.0,20798.0,21350.0,20317.0,27812.0,19952.0,9386.0,27446.0,22491.0,22130.0,19316.0,18336.0,19288.0,0.0,22615.0,20613.0,25385.0,15698.0,14997.0,20847.0,14263.0,14440.0,19895.0
比亚迪,护卫舰07,16.98-25.98万,0.0,0.0,0.0,0.0,0.0,0.0,0.0,0.0,0.0,0.0,0.0,0.0,0.0,6455.0,10042.0,10005.0,0.0,0.0,0.0,0.0,0.0,0.0,0.0,0.0,0.0,0.0,0.0,0.0,0.0,0.0,0.0,0.0,0.0,0.0,0.0,0.0,0.0,0.0,0.0,0.0,0.0
比亚迪,汉DM,14.58-21.58万,0.0,0.0,0.0,0.0,12381.0,12433.0,12808.0,18067.0,18121.0,18403.0,16605.0,6639.0,6643.0,6179.0,7152.0,10150.0,13222.0,13603.0,12355.0,12382.0,10977.0,11035.0,11522.0,0.0,0.0,11516.0,11905.0,0.0,0.0,0.0,0.0,0.0,0.0,20183.0,0.0,9904.0,0.0,0.0,0.0,0.0,0.0
比亚迪,汉EV,16.38-22.58万,0.0,0.0,0.0,0.0,12828.0,12837.0,13179.0,13269.0,13347.0,13177.0,13222.0,0.0,0.0,7655.0,7562.0,10008.0,11788.0,11576.0,0.0,0.0,0.0,0.0,0.0,0.0,0.0,0.0,0.0,0.0,0.0,0.0,0.0,0.0,0.0,0.0,0.0,0.0,0.0,0.0,0.0,0.0,0.0
比亚迪,海狮05EV,11.78-13.78万,14075.0,14075.0,14075.0,14075.0,0.0,0.0,0.0,0.0,0.0,0.0,0.0,0.0,0.0,0.0,0.0,0.0,0.0,0.0,0.0,0.0,0.0,0.0,0.0,0.0,0.0,0.0,0.0,0.0,0.0,0.0,0.0,0.0,0.0,0.0,0.0,0.0,0.0,0.0,0.0,0.0,14075.0
比亚迪,海豚,8.38-11.78万,18106.0,18106.0,18106.0,18106.0,10282.0,20493.0,23298.0,24855.0,25240.0,26029.0,26048.0,17582.0,22682.0,27687.0,29961.0,29081.0,26408.0,21800.0,22096.0,24282.0,24735.0,26580.0,26814.0,16386.0,9213.0,12672.0,0.0,10832.0,0.0,0.0,15984.0,0.0,0.0,0.0,0.0,0.0,0.0,0.0,0.0,13547.0,18106.0
比亚迪,海豹,16.58-23.18万,0.0,0.0,0.0,0.0,0.0,0.0,0.0,7473.0,11267.0,15356.0,15378.0,6618.0,7754.0,0.0,0.0,0.0,0.0,0.0,0.0,0.0,0.0,0.0,0.0,0.0,0.0,0.0,0.0,0.0,0.0,0.0,0.0,0.0,0.0,0.0,0.0,0.0,0.0,0.0,0.0,0.0,0.0
比亚迪,海豹06DM,8.78-13.18万,18517.0,18517.0,18517.0,18517.0,0.0,0.0,0.0,0.0,0.0,0.0,0.0,0.0,0.0,0.0,0.0,0.0,0.0,0.0,0.0,0.0,0.0,0.0,0.0,0.0,0.0,0.0,0.0,0.0,0.0,21659.0,32903.0,37155.0,38069.0,29465.0,26711.0,14492.0,12613.0,17126.0,14024.0,15787.0,18517.0
比亚迪,海豹DM,11.98-18.98万,0.0,0.0,0.0,0.0,0.0,0.0,0.0,0.0,0.0,0.0,0.0,0.0,0.0,0.0,0.0,0.0,0.0,0.0,0.0,0.0,0.0,10011.0,0.0,0.0,0.0,0.0,0.0,0.0,0.0,0.0,0.0,0.0,0.0,0.0,0.0,0.0,0.0,0.0,0.0,0.0,0.0
比亚迪,海鸥,6.38-8.28万,30708.0,30708.0,30708.0,30708.0,0.0,0.0,0.0,0.0,0.0,0.0,0.0,0.0,0.0,0.0,0.0,0.0,16560.0,24989.0,34841.0,35011.0,37836.0,40594.0,41012.0,28050.0,14403.0,27866.0,28797.0,33544.0,35201.0,34789.0,46830.0,47915.0,51288.0,56156.0,48754.0,18171.0,26958.0,33965.0,34005.0,31105.0,30708.0
比亚迪,秦L DM,8.38-14.38万,22353.0,22353.0,22353.0,22353.0,0.0,0.0,0.0,0.0,0.0,0.0,0.0,0.0,0.0,0.0,0.0,0.0,0.0,0.0,0.0,0.0,0.0,0.0,0.0,0.0,0.0,0.0,0.0,0.0,18021.0,32466.0,35957.0,39490.0,39316.0,33948.0,30062.0,16047.0,16213.0,19962.0,16729.0,18829.0,22353.0
比亚迪,秦PLUS DM,6.78-11.38万,28323.0,28323.0,28323.0,28323.0,12002.0,18809.0,22242.0,22352.0,17404.0,12628.0,12580.0,5087.0,19000.0,31310.0,31734.0,32071.0,26413.0,25674.0,28154.0,27990.0,25972.0,26050.0,27956.0,20318.0,21268.0,31016.0,27814.0,29947.0,21679.0,22356.0,27112.0,24608.0,27431.0,24869.0,25970.0,14212.0,13334.0,13989.0,15095.0,18993.0,28323.0
比亚迪,秦PLUS EV,9.78-16.38万,0.0,0.0,0.0,0.0,11167.0,11201.0,11446.0,11606.0,12189.0,12870.0,10569.0,6503.0,8434.0,8905.0,8217.0,10816.0,11784.0,11455.0,11654.0,11914.0,11930.0,12004.0,13186.0,8926.0,6583.0,19378.0,18500.0,18721.0,17222.0,17354.0,0.0,0.0,0.0,0.0,0.0,0.0,9644.0,13398.0,10462.0,0.0,0.0
比亚迪,驱逐舰05,6.98-11.88万,0.0,0.0,0.0,0.0,7397.0,7404.0,8725.0,9101.0,9111.0,0.0,0.0,0.0,0.0,0.0,0.0,0.0,0.0,0.0,0.0,0.0,0.0,0.0,0.0,0.0,6953.0,18803.0,20363.0,24690.0,19441.0,18693.0,22180.0,20106.0,22055.0,0.0,18329.0,9945.0,0.0,0.0,0.0,0.0,0.0
智界,智界S7,22.98-34.98万,491.0,491.0,491.0,491.0,0.0,0.0,0.0,0.0,0.0,0.0,0.0,0.0,0.0,0.0,0.0,0.0,0.0,0.0,0.0,0.0,0.0,115.0,784.0,604.0,794.0,3197.0,5012.0,5021.0,2306.0,1541.0,425.0,2522.0,7397.0,315.0,1833.0,1088.0,832.0,962.0,565.0,565.0,491.0
极氪,ZEEKR 001,25.90-32.90万,2437.0,2437.0,2437.0,2437.0,4302.0,5022.0,7166.0,8276.0,10119.0,11011.0,11337.0,3116.0,4839.0,4517.0,6463.0,6223.0,6147.0,6170.0,6822.0,8701.0,8517.0,6751.0,7980.0,5272.0,2663.0,7503.0,11267.0,13480.0,14383.0,9335.0,8481.0,7432.0,5870.0,6603.0,7695.0,4359.0,3933.0,2976.0,2174.0,2245.0,2437.0
极氪,ZEEKR 007,20.99-29.99万,4915.0,4915.0,4915.0,4915.0,0.0,0.0,0.0,0.0,0.0,0.0,0.0,0.0,0.0,0.0,0.0,0.0,0.0,0.0,0.0,0.0,0.0,0.0,857.0,5853.0,4204.0,4656.0,3827.0,4308.0,4316.0,3498.0,4491.0,4205.0,2621.0,2472.0,2452.0,1098.0,1476.0,1611.0,3999.0,8421.0,4915.0
极氪,ZEEKR 009,43.90-89.90万,1828.0,1828.0,1828.0,1828.0,0.0,0.0,0.0,0.0,0.0,0.0,0.0,616.0,616.0,2146.0,1638.0,2106.0,2072.0,1502.0,1648.0,1627.0,1906.0,1639.0,2310.0,704.0,232.0,488.0,447.0,450.0,586.0,1591.0,3195.0,3794.0,3334.0,4201.0,3609.0,1240.0,2250.0,3157.0,1527.0,1290.0,1828.0
极氪,ZEEKR 7X,22.99-26.99万,5518.0,5518.0,5518.0,5518.0,0.0,0.0,0.0,0.0,0.0,0.0,0.0,0.0,0.0,0.0,0.0,0.0,0.0,0.0,0.0,0.0,0.0,0.0,0.0,0.0,0.0,0.0,0.0,0.0,0.0,0.0,771.0,4453.0,11643.0,11112.0,9677.0,4192.0,5064.0,5478.0,4401.0,4651.0,5518.0
极氪,ZEEKR MIX,27.99-29.99万,101.0,101.0,101.0,101.0,0.0,0.0,0.0,0.0,0.0,0.0,0.0,0.0,0.0,0.0,0.0,0.0,0.0,0.0,0.0,0.0,0.0,0.0,0.0,0.0,0.0,0.0,0.0,0.0,0.0,0.0,0.0,434.0,373.0,549.0,277.0,100.0,130.0,162.0,109.0,346.0,101.0
极氪,ZEEKR X,14.90-19.90万,455.0,455.0,455.0,455.0,0.0,0.0,0.0,0.0,0.0,0.0,0.0,0.0,0.0,0.0,0.0,349.0,2401.0,4367.0,3833.0,1725.0,2654.0,4714.0,2329.0,708.0,411.0,365.0,548.0,378.0,821.0,1231.0,1077.0,1015.0,1208.0,2074.0,3480.0,953.0,1186.0,727.0,430.0,395.0,455.0
奇瑞,QQ冰淇淋,3.29-3.99万,3128.0,3128.0,3128.0,3128.0,9663.0,9381.0,8616.0,8650.0,7145.0,4048.0,4592.0,2736.0,3134.0,3951.0,4253.0,5358.0,6041.0,5716.0,5775.0,7235.0,7111.0,9015.0,7462.0,2525.0,1970.0,3186.0,2797.0,4173.0,2074.0,2556.0,2782.0,2666.0,4137.0,5986.0,5479.0,819.0,1570.0,3129.0,3170.0,3430.0,3128.0
奇瑞,多米,5.98-6.98万,602.0,602.0,602.0,602.0,0.0,0.0,0.0,0.0,0.0,0.0,0.0,0.0,0.0,0.0,0.0,0.0,0.0,0.0,0.0,0.0,0.0,0.0,0.0,0.0,0.0,0.0,0.0,0.0,0.0,0.0,0.0,0.0,0.0,0.0,0.0,0.0,0.0,0.0,0.0,0.0,602.0
奇瑞,小蚂蚁,4.89-6.89万,1435.0,1435.0,1435.0,1435.0,9412.0,11202.0,10037.0,9288.0,9938.0,4020.0,3971.0,1035.0,2128.0,1872.0,2439.0,1429.0,1541.0,2110.0,2320.0,2684.0,2439.0,3275.0,3478.0,1256.0,1020.0,1479.0,1654.0,2300.0,1447.0,1792.0,2524.0,2928.0,4198.0,4785.0,4039.0,1597.0,2297.0,2878.0,2069.0,1956.0,1435.0
奇瑞,探索06 C-DM,11.39-13.39万,0.0,0.0,0.0,0.0,0.0,0.0,0.0,0.0,0.0,0.0,0.0,0.0,0.0,0.0,0.0,0.0,0.0,0.0,0.0,0.0,0.0,0.0,0.0,0.0,0.0,0.0,0.0,0.0,0.0,691.0,790.0,811.0,0.0,0.0,0.0,0.0,0.0,0.0,0.0,0.0,0.0
奇瑞,瑞虎7 PLUS PHEV,12.99-16.69万,467.0,467.0,467.0,467.0,0.0,0.0,0.0,0.0,0.0,0.0,0.0,0.0,0.0,0.0,0.0,0.0,0.0,0.0,0.0,0.0,0.0,0.0,0.0,0.0,0.0,0.0,0.0,0.0,0.0,0.0,0.0,0.0,747.0,786.0,993.0,459.0,341.0,394.0,338.0,335.0,467.0
奇瑞,瑞虎9 C-DM,15.59-16.59万,1138.0,1138.0,1138.0,1138.0,0.0,0.0,0.0,0.0,0.0,0.0,0.0,0.0,0.0,0.0,0.0,0.0,0.0,0.0,0.0,0.0,0.0,0.0,0.0,0.0,0.0,0.0,0.0,0.0,0.0,0.0,0.0,104.0,1049.0,1637.0,2229.0,1226.0,813.0,895.0,812.0,863.0,1138.0
埃安,AION LX,23.66-41.96万,7.0,7.0,7.0,7.0,403.0,611.0,447.0,454.0,270.0,138.0,137.0,6.0,13.0,11.0,8.0,47.0,57.0,45.0,93.0,90.0,126.0,122.0,0.0,57.0,24.0,39.0,35.0,33.0,31.0,24.0,33.0,33.0,25.0,107.0,94.0,4.0,3.0,32.0,81.0,5.0,7.0
埃安,AION RT,11.08-15.68万,4282.0,4282.0,4282.0,4282.0,0.0,0.0,0.0,0.0,0.0,0.0,0.0,0.0,0.0,0.0,0.0,0.0,0.0,0.0,0.0,0.0,0.0,0.0,0.0,0.0,0.0,0.0,0.0,0.0,0.0,0.0,0.0,0.0,73.0,7319.0,7416.0,2686.0,4036.0,5925.0,4590.0,4440.0,4282.0
埃安,AION S,9.98-15.49万,4123.0,4123.0,4123.0,4123.0,8903.0,6864.0,11683.0,13522.0,14507.0,15323.0,13832.0,5091.0,16827.0,26392.0,19569.0,25233.0,22487.0,22437.0,22648.0,21546.0,11730.0,11728.0,15216.0,9534.0,5462.0,14758.0,11889.0,16657.0,13788.0,13537.0,12169.0,10963.0,9128.0,10428.0,11508.0,3153.0,5236.0,7532.0,5977.0,6549.0,4123.0
埃安,AION UT,6.98-10.18万,5346.0,5346.0,5346.0,5346.0,0.0,0.0,0.0,0.0,0.0,0.0,0.0,0.0,0.0,0.0,0.0,0.0,0.0,0.0,0.0,0.0,0.0,0.0,0.0,0.0,0.0,0.0,0.0,0.0,0.0,0.0,0.0,0.0,0.0,0.0,0.0,0.0,348.0,4980.0,4337.0,3724.0,5346.0
埃安,AION V,12.18-18.18万,2879.0,2879.0,2879.0,2879.0,3002.0,5028.0,3879.0,2632.0,2671.0,1744.0,1727.0,317.0,250.0,346.0,370.0,417.0,1778.0,2679.0,1893.0,1758.0,1837.0,4599.0,4062.0,1445.0,589.0,1377.0,1666.0,1825.0,1680.0,1479.0,3779.0,5724.0,7110.0,6397.0,4812.0,1969.0,2590.0,3747.0,3049.0,2371.0,2879.0
埃安,AION Y,9.18-12.78万,7732.0,7732.0,7732.0,7732.0,11801.0,12530.0,11012.0,13408.0,12615.0,11560.0,14311.0,4792.0,12996.0,13267.0,21065.0,19306.0,20583.0,17861.0,26713.0,26969.0,27132.0,22355.0,22678.0,10079.0,5794.0,13007.0,11501.0,17190.0,16670.0,16788.0,15166.0,14612.0,13587.0,11600.0,10509.0,4851.0,6867.0,9303.0,7364.0,6461.0,7732.0
AITO,问界M7,24.98-32.98万,5411.0,5411.0,5411.0,5411.0,0.0,1100.0,2668.0,4746.0,5226.0,3529.0,3957.0,1737.0,1223.0,1333.0,828.0,626.0,432.0,769.0,988.0,5248.0,12193.0,17039.0,25545.0,29997.0,21083.0,18512.0,9266.0,10181.0,17501.0,15633.0,11265.0,17940.0,15132.0,13415.0,13417.0,8443.0,5204.0,6512.0,4051.0,4139.0,5411.0
宝马,宝马i3,19.84-24.63万,2270.0,2270.0,2270.0,2270.0,586.0,1116.0,311.0,260.0,1471.0,3394.0,6140.0,3624.0,2976.0,3147.0,3085.0,3458.0,4787.0,3590.0,4952.0,6074.0,5763.0,6160.0,5786.0,4745.0,2870.0,4069.0,4489.0,5810.0,6952.0,4083.0,2144.0,2355.0,3241.0,3286.0,3789.0,2001.0,1613.0,2350.0,2312.0,2605.0,2270.0
宝马,宝马i5,31.40-44.20万,794.0,794.0,794.0,794.0,0.0,0.0,0.0,0.0,0.0,0.0,0.0,0.0,0.0,0.0,0.0,0.0,0.0,0.0,0.0,0.0,0.0,0.0,0.0,5.0,16.0,90.0,370.0,726.0,986.0,938.0,668.0,691.0,680.0,614.0,562.0,452.0,358.0,842.0,680.0,665.0,794.0
宝马,宝马iX1,17.09-19.71万,981.0,981.0,981.0,981.0,0.0,0.0,0.0,0.0,0.0,0.0,0.0,0.0,0.0,0.0,0.0,0.0,0.0,0.0,0.0,0.0,50.0,244.0,441.0,391.0,177.0,308.0,360.0,685.0,1708.0,1831.0,1155.0,1352.0,1290.0,1081.0,1511.0,885.0,1120.0,1752.0,1156.0,1119.0,981.0
宝马,宝马iX3,25.65-29.25万,897.0,897.0,897.0,897.0,2025.0,3249.0,2094.0,1723.0,2592.0,3233.0,2755.0,2263.0,2859.0,3864.0,4202.0,4114.0,3835.0,2861.0,2652.0,2847.0,2659.0,3281.0,3982.0,3769.0,2177.0,3659.0,3317.0,1902.0,1135.0,1896.0,1421.0,1662.0,1937.0,2378.0,2892.0,1383.0,1329.0,1697.0,1540.0,1317.0,897.0
奔驰,奔驰C级PHEV,28.06万,0.0,0.0,0.0,0.0,0.0,0.0,0.0,230.0,383.0,301.0,357.0,319.0,377.0,351.0,227.0,0.0,0.0,0.0,0.0,0.0,0.0,0.0,0.0,0.0,0.0,0.0,0.0,0.0,0.0,0.0,0.0,0.0,0.0,0.0,0.0,0.0,0.0,0.0,0.0,0.0,0.0
奔驰,奔驰EQA,16.60-22.00万,163.0,163.0,163.0,163.0,588.0,637.0,619.0,277.0,113.0,8.0,30.0,88.0,103.0,159.0,582.0,483.0,352.0,414.0,402.0,509.0,308.0,433.0,179.0,129.0,319.0,912.0,99.0,242.0,6.0,1.0,503.0,82.0,94.0,155.0,179.0,155.0,75.0,247.0,145.0,239.0,163.0
奔驰,奔驰EQB,17.80-25.40万,243.0,243.0,243.0,243.0,881.0,768.0,688.0,213.0,65.0,4.0,78.0,189.0,181.0,257.0,1151.0,546.0,411.0,937.0,682.0,558.0,145.0,689.0,921.0,295.0,405.0,666.0,5.0,360.0,256.0,3.0,760.0,129.0,191.0,214.0,361.0,259.0,163.0,279.0,275.0,419.0,243.0
奔驰,奔驰EQE,31.80-46.70万,139.0,139.0,139.0,139.0,0.0,0.0,10.0,675.0,426.0,206.0,347.0,289.0,421.0,730.0,48.0,1254.0,613.0,591.0,941.0,842.0,823.0,1207.0,712.0,715.0,364.0,411.0,868.0,166.0,13.0,7.0,2.0,3.0,0.0,285.0,307.0,153.0,151.0,97.0,111.0,123.0,139.0
奔驰,奔驰EQE SUV,33.50-47.96万,219.0,219.0,219.0,219.0,0.0,0.0,0.0,0.0,0.0,0.0,0.0,0.0,0.0,0.0,0.0,0.0,1533.0,736.0,587.0,489.0,652.0,1081.0,1042.0,1444.0,293.0,361.0,1664.0,689.0,770.0,83.0,689.0,321.0,291.0,348.0,368.0,179.0,278.0,256.0,320.0,308.0,219.0
奔驰,奔驰E级PHEV,40.86万,0.0,0.0,0.0,0.0,1766.0,1785.0,1790.0,1754.0,1752.0,1852.0,2436.0,1878.0,1746.0,2373.0,13.0,0.0,0.0,0.0,0.0,0.0,0.0,0.0,0.0,0.0,0.0,0.0,0.0,0.0,0.0,0.0,0.0,0.0,0.0,0.0,0.0,0.0,0.0,0.0,0.0,0.0,0.0
奥迪,奥迪Q2L e-tron,17.07万,0.0,0.0,0.0,0.0,383.0,202.0,221.0,133.0,64.0,48.0,34.0,10.0,12.0,22.0,14.0,12.0,28.0,24.0,18.0,108.0,0.0,2.0,0.0,5.0,0.0,0.0,0.0,2.0,2.0,0.0,0.0,0.0,0.0,0.0,11.0,11.0,0.0,0.0,0.0,0.0,0.0
奥迪,奥迪Q4 e-tron,19.12-24.22万,593.0,593.0,593.0,593.0,0.0,0.0,121.0,781.0,575.0,1300.0,1223.0,508.0,553.0,1517.0,2002.0,2051.0,2351.0,2503.0,2301.0,2406.0,2103.0,2301.0,2754.0,1276.0,750.0,1421.0,1523.0,1200.0,1301.0,1214.0,1400.0,1699.0,1462.0,1415.0,1120.0,800.0,444.0,810.0,521.0,2367.0,593.0
奥迪,奥迪Q5 e-tron,21.40-34.55万,109.0,109.0,109.0,109.0,125.0,261.0,338.0,324.0,290.0,132.0,92.0,70.0,114.0,260.0,455.0,602.0,618.0,425.0,357.0,510.0,405.0,600.0,791.0,330.0,260.0,390.0,470.0,400.0,350.0,350.0,380.0,380.0,700.0,900.0,1092.0,200.0,150.0,750.0,450.0,650.0,109.0
